Workbook

Sheet Top AQI & PM2.5 cities
A3: Cities | B3: Average AQI | C3: Average PM2.5 (Âµg/mÂ³)
A4: Shanghai | B4: 260.34899 | C4: 133.97038
A5: Chengdu | B5: 247.91639 | C5: 131.70059
A6: Beijing | B6: 246.95707 | C6: 127.34484
A7: Guangzhou | B7: 246.91438 | C7: 128.73984
A8: Shenzhen | B8: 246.14334 | C8: 128.71999
A9: Grand Total | B9: 249.63967 | C9: 130.07274
A12: City with highest Average AQI and Average PM2.5
A13: Shanghai

Sheet Seasonal air pollution
B3: Months
B4: 1 | D4: 2 | F4: 3 | H4: 4 | J4: 5 | L4: 6 | N4: 7 | P4: 8 | R4: 9 | T4: 10 | V4: 11 | X4: 12 | Z4: Total AQI | AA4: Total PM2.5 (Âµg/mÂ³)
A5: City | B5: AQI | C5: PM2.5 (Âµg/mÂ³) | D5: AQI | E5: PM2.5 (Âµg/mÂ³) | F5: AQI | G5: PM2.5 (Âµg/mÂ³) | H5: AQI | I5: PM2.5 (Âµg/mÂ³) | J5: AQI | K5: PM2.5 (Âµg/mÂ³) | L5: AQI | M5: PM2.5 (Âµg/mÂ³) | N5: AQI | O5: PM2.5 (Âµg/mÂ³) | P5: AQI | Q5: PM2.5 (Âµg/mÂ³) | R5: AQI | S5: PM2.5 (Âµg/mÂ³) | T5: AQI | U5: PM2.5 (Âµg/mÂ³) | V5: AQI | W5: PM2.5 (Âµg/mÂ³) | X5: AQI | Y5: PM2.5 (Âµg/mÂ³)
A6: Beijing | B6: 248.15094 | C6: 119.60613 | D6: 237 | E6: 120.06997 | F6: 258.46154 | G6: 125.22622 | H6: 242.01695 | I6: 123.55606 | J6: 240.4375 | K6: 128.74555 | L6: 252.55769 | M6: 128.28448 | N6: 248.16949 | O6: 130.1775 | P6: 235.75472 | Q6: 134.61719 | R6: 268.42857 | S6: 136.51406 | T6: 229.23077 | U6: 130.49001 | V6: 242.95 | W6: 123.27777 | X6: 269.40476 | Y6: 132.89994 | Z6: 246.95707 | AA6: 127.34484
A7: Chengdu | B7: 289.625 | C7: 120.74534 | D7: 260.59184 | E7: 133.06033 | F7: 229.88462 | G7: 130.2854 | H7: 238.8254 | I7: 123.26771 | J7: 255.86667 | K7: 122.92411 | L7: 244.03704 | M7: 131.63457 | N7: 244.81132 | O7: 148.86765 | P7: 272.86486 | Q7: 139.04941 | R7: 226.30435 | S7: 125.48056 | T7: 242.93333 | U7: 116.6542 | V7: 256.59259 | W7: 147.7906 | X7: 223.5 | Y7: 138.9156 | Z7: 247.91639 | AA7: 131.70059
A8: Guangzhou | B8: 215.25 | C8: 112.79994 | D8: 229.46667 | E8: 122.13233 | F8: 231.10204 | G8: 135.7869 | H8: 289.80488 | I8: 137.94375 | J8: 236.45283 | K8: 125.69371 | L8: 221.4186 | M8: 141.162 | N8: 293.44231 | O8: 125.07956 | P8: 261.26531 | Q8: 126.78177 | R8: 241.22222 | S8: 127.72858 | T8: 247.23529 | U8: 140.32119 | V8: 257.48148 | W8: 133.7778 | X8: 235.55102 | Y8: 116.11755 | Z8: 246.91438 | AA8: 128.73984
A9: Shanghai | B9: 230.8125 | C9: 131.73998 | D9: 276.83673 | E9: 159.36119 | F9: 239.32609 | G9: 147.51484 | H9: 247.04839 | I9: 126.51692 | J9: 281.27083 | K9: 136.34823 | L9: 269.46341 | M9: 133.04646 | N9: 270.85106 | O9: 115.75348 | P9: 261.50877 | Q9: 141.97575 | R9: 287.27273 | S9: 130.71069 | T9: 285.93617 | U9: 135.41513 | V9: 250.18 | W9: 133.31058 | X9: 223.15217 | Y9: 115.92648 | Z9: 260.34899 | AA9: 133.97038
A10: Shenzhen | B10: 198.475 | C10: 132.34799 | D10: 260.5098 | E10: 141.15987 | F10: 253.61905 | G10: 112.47538 | H10: 223.65217 | I10: 127.94086 | J10: 248.05882 | K10: 123.66552 | L10: 239 | M10: 136.99182 | N10: 253.24 | O10: 143.74337 | P10: 231.97778 | Q10: 125.89102 | R10: 274.85106 | S10: 122.01347 | T10: 279.03333 | U10: 128.18426 | V10: 230.82812 | W10: 129.87519 | X10: 247.95833 | Y10: 117.06527 | Z10: 246.14334 | AA10: 128.71999
A11: Grand Total | B11: 238.38197 | C11: 123.24265 | D11: 253.19592 | E11: 135.29523 | F11: 243.06693 | G11: 130.22737 | H11: 246.53875 | I11: 127.08744 | J11: 251.99592 | K11: 127.44814 | L11: 245.15063 | M11: 133.96038 | N11: 261.56322 | O11: 132.95854 | P11: 252.0249 | Q11: 133.8156 | R11: 259.70042 | S11: 128.14836 | T11: 257.41961 | U11: 130.37987 | V11: 246.87589 | W11: 133.25852 | X11: 239.01266 | Y11: 124.24861 | Z11: 249.63967 | AA11: 130.07274
B17: Season
B18: Autumn | D18: Spring | F18: Summer | H18: Winter | J18: Total Average of AQI | K18: Total Average of PM2.5 (Âµg/mÂ³)
A19: City | B19: Average of AQI | C19: Average of PM2.5 (Âµg/mÂ³) | D19: Average of AQI | E19: Average of PM2.5 (Âµg/mÂ³) | F19: Average of AQI | G19: Average of PM2.5 (Âµg/mÂ³) | H19: Average of AQI | I19: Average of PM2.5 (Âµg/mÂ³)
A20: Beijing | B20: 253.33333 | C20: 128.11231 | D20: 249.38365 | E20: 128.33958 | F20: 241.28221 | G20: 124.30303 | H20: 244.12338 | I20: 128.77489 | J20: 246.95707 | K20: 127.34484
A21: Chengdu | B21: 241.21951 | C21: 127.96291 | D21: 259.06536 | E21: 148.7585 | F21: 254.58182 | G21: 120.67854 | H21: 235.29299 | I21: 129.58922 | J21: 247.91639 | K21: 131.70059
A22: Guangzhou | B22: 240.95349 | C22: 118.77274 | D22: 246.2795 | E22: 139.2857 | F22: 253.12329 | G22: 120.1292 | H22: 246.67568 | I22: 134.44947 | J22: 246.91438 | K22: 128.73984
A23: Shanghai | B23: 260.5034 | C23: 134.33403 | D23: 252.03205 | E23: 135.82707 | F23: 256.4964 | G23: 138.9027 | H23: 272.1039 | I23: 127.29055 | J23: 260.34899 | K23: 133.97038
A24: Shenzhen | B24: 232.28276 | C24: 130.48954 | D24: 241.74675 | E24: 133.09903 | F24: 252.92857 | G24: 126.09878 | H24: 257.87143 | I24: 124.95365 | J24: 246.14334 | K24: 128.71999
A25: Grand Total | B25: 246.0373 | C25: 128.16412 | D25: 249.66284 | E25: 137.00806 | F25: 251.49283 | G25: 125.73521 | H25: 251.06242 | I25: 129.04597 | J25: 249.63967 | K25: 130.07274

Sheet Weather-pollutant correlation
D2: PM2.5 (Âµg/mÂ³) | E2: PM10 (Âµg/mÂ³) | F2: NO2 (Âµg/mÂ³) | G2: SO2 (Âµg/mÂ³) | H2: CO (mg/mÂ³) | I2: O3 (Âµg/mÂ³)
C3: Temperature (Â°C) | D3: =CORREL(air_pollution_china!$G$2:$G$3001,air_pollution_china!A2:A3001) -> 0.0030524861 | E3: =CORREL(air_pollution_china!$G$2:$G$3001,air_pollution_china!B2:B3001) -> 0.015023144 | F3: =CORREL(air_pollution_china!$G$2:$G$3001,air_pollution_china!C2:C3001) -> -0.015200976 | G3: =CORREL(air_pollution_china!$G$2:$G$3001,air_pollution_china!D2:D3001) -> 0.033340625 | H3: =CORREL(air_pollution_china!$G$2:$G$3001,air_pollution_china!E2:E3001) -> -0.0003876314 | I3: =CORREL(air_pollution_china!$G$2:$G$3001,air_pollution_china!F2:F3001) -> -0.0052248609
C4: Humidity (%) | D4: =CORREL(air_pollution_china!$H$2:$H$3001,air_pollution_china!A2:A3001) -> 0.0038381512 | E4: =CORREL(air_pollution_china!$H$2:$H$3001,air_pollution_china!B2:B3001) -> 0.012460968 | F4: =CORREL(air_pollution_china!$H$2:$H$3001,air_pollution_china!C2:C3001) -> 0.0086784202 | G4: =CORREL(air_pollution_china!$H$2:$H$3001,air_pollution_china!D2:D3001) -> -0.0026199313 | H4: =CORREL(air_pollution_china!$H$2:$H$3001,air_pollution_china!E2:E3001) -> -0.025286414 | I4: =CORREL(air_pollution_china!$H$2:$H$3001,air_pollution_china!F2:F3001) -> -0.016941831
C5: Wind Speed (m/s) | D5: =CORREL(air_pollution_china!$I$2:$I$3001,air_pollution_china!A2:A3001) -> -0.0073731377 | E5: =CORREL(air_pollution_china!$I$2:$I$3001,air_pollution_china!B2:B3001) -> 0.019181812 | F5: =CORREL(air_pollution_china!$I$2:$I$3001,air_pollution_china!C2:C3001) -> 0.028224772 | G5: =CORREL(air_pollution_china!$I$2:$I$3001,air_pollution_china!D2:D3001) -> -0.0011405271 | H5: =CORREL(air_pollution_china!$I$2:$I$3001,air_pollution_china!E2:E3001) -> -0.015190383 | I5: =CORREL(air_pollution_china!$I$2:$I$3001,air_pollution_china!F2:F3001) -> 0.012801096
C6: Pressure (hPa) | D6: =CORREL(air_pollution_china!$K$2:$K$3001,air_pollution_china!A2:A3001) -> -3.6798643e-05 | E6: =CORREL(air_pollution_china!$K$2:$K$3001,air_pollution_china!B2:B3001) -> -0.021416573 | F6: =CORREL(air_pollution_china!$K$2:$K$3001,air_pollution_china!C2:C3001) -> -0.010933123 | G6: =CORREL(air_pollution_china!$K$2:$K$3001,air_pollution_china!D2:D3001) -> 0.00091903463 | H6: =CORREL(air_pollution_china!$K$2:$K$3001,air_pollution_china!E2:E3001) -> 0.014249088 | I6: =CORREL(air_pollution_china!$K$2:$K$3001,air_pollution_china!F2:F3001) -> -0.0063106893
C7: Precipitation (mm) | D7: =CORREL(air_pollution_china!$L$2:$L$3001,air_pollution_china!A2:A3001) -> -0.015896901 | E7: =CORREL(air_pollution_china!$L$2:$L$3001,air_pollution_china!B2:B3001) -> 0.011289613 | F7: =CORREL(air_pollution_china!$L$2:$L$3001,air_pollution_china!C2:C3001) -> -0.023440674 | G7: =CORREL(air_pollution_china!$L$2:$L$3001,air_pollution_china!D2:D3001) -> 0.010517005 | H7: =CORREL(air_pollution_china!$L$2:$L$3001,air_pollution_china!E2:E3001) -> -0.003011013 | I7: =CORREL(air_pollution_china!$L$2:$L$3001,air_pollution_china!F2:F3001) -> 0.042909815

Sheet AQI pollutant correlation
D2: PM2.5 (Âµg/mÂ³) | E2: PM10 (Âµg/mÂ³) | F2: NO2 (Âµg/mÂ³) | G2: SO2 (Âµg/mÂ³) | H2: CO (mg/mÂ³) | I2: O3 (Âµg/mÂ³)
C3: AQI | D3: =CORREL(air_pollution_china!$N$2:$N$3001,air_pollution_china!A2:A3001) -> 0.0063540614 | E3: =CORREL(air_pollution_china!$N$2:$N$3001,air_pollution_china!B2:B3001) -> -0.011276095 | F3: =CORREL(air_pollution_china!$N$2:$N$3001,air_pollution_china!C2:C3001) -> -0.015433858 | G3: =CORREL(air_pollution_china!$N$2:$N$3001,air_pollution_china!D2:D3001) -> -0.028350263 | H3: =CORREL(air_pollution_china!$N$2:$N$3001,air_pollution_china!E2:E3001) -> -0.019174793 | I3: =CORREL(air_pollution_china!$N$2:$N$3001,air_pollution_china!F2:F3001) -> -0.0064284497
D6: PM2.5 (Âµg/mÂ³) has the highest correlation with AQI

Sheet Weather, CO, NO2 link
A1: Year | B1: Average CO (mg/mÂ³) | C1: Average NO2 (Âµg/mÂ³)
A2: 1 | B2: 2.6714952 | C2: 50.77186
A3: 2 | B3: 2.4099335 | C3: 54.758081
A4: 3 | B4: 2.6089993 | C4: 52.633794
A5: 4 | B5: 2.5630547 | C5: 54.737896
A6: 5 | B6: 2.5832146 | C6: 51.885848
A7: 6 | B7: 2.6882998 | C7: 51.817436
A8: 7 | B8: 2.6197236 | C8: 52.953773
A9: 8 | B9: 2.4357915 | C9: 50.593166
A10: 9 | B10: 2.5904125 | C10: 55.576659
A11: 10 | B11: 2.6929976 | C11: 52.436855
A12: 11 | B12: 2.5152839 | C12: 54.959758
A13: 12 | B13: 2.3681793 | C13: 51.66902
A14: Grand Total | B14: 2.5625138 | C14: 52.948697
A20: Year | B20: Average CO (mg/mÂ³) | C20: Average NO2 (Âµg/mÂ³)
A21: Autumn | B21: 2.5412246 | C21: 52.603821
A22: Spring | B22: 2.5314408 | C22: 53.109744
A23: Summer | B23: 2.5718815 | C23: 52.751235
A24: Winter | B24: 2.6049886 | C24: 53.301594
A25: Grand Total | B25: 2.5625138 | C25: 52.948697
A29: Correlation With NO2 and CO
A30: =CORREL(air_pollution_china!C2:C3001,air_pollution_china!E2:E3001) -> -0.01331569

Sheet City with cleanest air
A3: Cities | B3: Average of AQI | C3: Average of PM2.5 (Âµg/mÂ³) | D3: Average of PM10 (Âµg/mÂ³)
A4: Shenzhen | B4: 246.14334 | C4: 128.71999 | D4: 159.253
A5: Guangzhou | B5: 246.91438 | C5: 128.73984 | D5: 161.76723
A6: Beijing | B6: 246.95707 | C6: 127.34484 | D6: 156.14639
A7: Chengdu | B7: 247.91639 | C7: 131.70059 | D7: 157.46664
A8: Shanghai | B8: 260.34899 | C8: 133.97038 | D8: 159.67278
A9: Grand Total | B9: 249.63967 | C9: 130.07274 | D9: 158.8184
C12: City With Lowest Air Pollution
C13: Shenzhen

Sheet Best & worst air seasons
A3: Season | B3: Average AQI
A4: Summer | B4: 251.49283
A5: Winter | B5: 251.06242
A6: Spring | B6: 249.66284
A7: Autumn | B7: 246.0373
A8: Grand Total | B8: 249.63967
C10: Season With Worse Air Quality | D10: Season With Better Air Quality
C11: Summer | D11: Autumn

Sheet Winter peak pollutants
A1: Season | B1: Winter
A3: Row Labels | B3: Average of PM2.5 (Âµg/mÂ³) | C3: Average of PM10 (Âµg/mÂ³) | D3: Average of NO2 (Âµg/mÂ³) | E3: Average of SO2 (Âµg/mÂ³) | F3: Average of CO (mg/mÂ³) | G3: Average of O3 (Âµg/mÂ³)
A4: Beijing | B4: 128.77489 | C4: 164.71128 | D4: 55.733238 | E4: 25.044958 | F4: 2.6031903 | G4: 104.04715
A5: Chengdu | B5: 129.58922 | C5: 157.34439 | D5: 51.97359 | E5: 23.02041 | F5: 2.5784813 | G5: 107.25376
A6: Guangzhou | B6: 134.44947 | C6: 166.91578 | D6: 52.272111 | E6: 24.286839 | F6: 2.5815776 | G6: 110.31222
A7: Shanghai | B7: 127.29055 | C7: 163.36929 | D7: 53.934591 | E7: 24.754878 | F7: 2.623487 | G7: 116.71392
A8: Shenzhen | B8: 124.95365 | C8: 169.77117 | D8: 52.508062 | E8: 26.035183 | F8: 2.6410935 | G8: 104.01208
A9: Grand Total | B9: 129.04597 | C9: 164.27487 | D9: 53.301594 | E9: 24.598615 | F9: 2.6049886 | G9: 108.53114

Sheet China AQI over years
A3: Year | B3: Average AQI
A4: 2015 | B4: 235.66786
A5: 2016 | B5: 249.47872
A6: 2017 | B6: 250.39803
A7: 2018 | B7: 240.46104
A8: 2019 | B8: 239.47588
A9: 2020 | B9: 254.86792
A10: 2021 | B10: 259.39223
A11: 2022 | B11: 254.36842
A12: 2023 | B12: 256.63087
A13: 2024 | B13: 255.31731
A14: Grand Total | B14: 249.63967

Sheet City pollution months
A3: Average AQI | B3: Column Labels
A4: Year | B4: Beijing | C4: Chengdu | D4: Guangzhou | E4: Shanghai | F4: Shenzhen | G4: Grand Total
A5: 1 | B5: 248.15094 | C5: 289.625 | D5: 215.25 | E5: 230.8125 | F5: 198.475 | G5: 238.38197
A6: 2 | B6: 237 | C6: 260.59184 | D6: 229.46667 | E6: 276.83673 | F6: 260.5098 | G6: 253.19592
A7: 3 | B7: 258.46154 | C7: 229.88462 | D7: 231.10204 | E7: 239.32609 | F7: 253.61905 | G7: 243.06693
A8: 4 | B8: 242.01695 | C8: 238.8254 | D8: 289.80488 | E8: 247.04839 | F8: 223.65217 | G8: 246.53875
A9: 5 | B9: 240.4375 | C9: 255.86667 | D9: 236.45283 | E9: 281.27083 | F9: 248.05882 | G9: 251.99592
A10: 6 | B10: 252.55769 | C10: 244.03704 | D10: 221.4186 | E10: 269.46341 | F10: 239 | G10: 245.15063
A11: 7 | B11: 248.16949 | C11: 244.81132 | D11: 293.44231 | E11: 270.85106 | F11: 253.24 | G11: 261.56322
A12: 8 | B12: 235.75472 | C12: 272.86486 | D12: 261.26531 | E12: 261.50877 | F12: 231.97778 | G12: 252.0249
A13: 9 | B13: 268.42857 | C13: 226.30435 | D13: 241.22222 | E13: 287.27273 | F13: 274.85106 | G13: 259.70042
A14: 10 | B14: 229.23077 | C14: 242.93333 | D14: 247.23529 | E14: 285.93617 | F14: 279.03333 | G14: 257.41961
A15: 11 | B15: 242.95 | C15: 256.59259 | D15: 257.48148 | E15: 250.18 | F15: 230.82812 | G15: 246.87589
A16: 12 | B16: 269.40476 | C16: 223.5 | D16: 235.55102 | E16: 223.15217 | F16: 247.95833 | G16: 239.01266
A17: Grand Total | B17: 246.95707 | C17: 247.91639 | D17: 246.91438 | E17: 260.34899 | F17: 246.14334 | G17: 249.63967

Sheet Pollution by hour and day
A3: Average AQI | B3: Hour
A4: Days | B4: Monday | C4: Tuesday | D4: Wednesday | E4: Thursday | F4: Friday | G4: Saturday | H4: Sunday | I4: Grand Total
A5: 0 | B5: 221.43478 | C5: 267.4 | D5: 253.25 | E5: 263.22222 | F5: 238.27778 | G5: 246.04545 | H5: 227.5 | I5: 245.15328
A6: 1 | B6: 264.11765 | C6: 274.19048 | D6: 275.47619 | E6: 249.61111 | F6: 202.54167 | G6: 230 | H6: 183.47059 | I6: 239.9708
A7: 2 | B7: 203 | C7: 216.875 | D7: 305.66667 | E7: 229.5 | F7: 256.36 | G7: 187.77778 | H7: 208.11111 | I7: 226.61947
A8: 3 | B8: 251.22222 | C8: 255.57692 | D8: 263.05882 | E8: 217.06667 | F8: 307.61111 | G8: 297.21429 | H8: 240.4 | I8: 261.78049
A9: 4 | B9: 221 | C9: 260.33333 | D9: 248.11765 | E9: 280.88 | F9: 193 | G9: 248.05882 | H9: 249.5 | I9: 245.72727
A10: 5 | B10: 308.59091 | C10: 282.35714 | D10: 248.42857 | E10: 210.6 | F10: 249.25 | G10: 191.21429 | H10: 173.15385 | I10: 242.28571
A11: 6 | B11: 223.90625 | C11: 265.36364 | D11: 272.875 | E11: 262.27778 | F11: 265.90909 | G11: 310 | H11: 198.07143 | I11: 253.90698
A12: 7 | B12: 230.88 | C12: 197.72222 | D12: 205.36364 | E12: 248.6 | F12: 255.5 | G12: 270.73333 | H12: 309.55556 | I12: 238.32283
A13: 8 | B13: 268.36842 | C13: 243.64286 | D13: 288.09524 | E13: 274.86667 | F13: 266.88 | G13: 310.1 | H13: 321.57895 | I13: 283.21053
A14: 9 | B14: 243.7 | C14: 246.03571 | D14: 247.85714 | E14: 217.35 | F14: 224.28571 | G14: 240.55556 | H14: 304.15789 | I14: 246.70504
A15: 10 | B15: 273.33333 | C15: 324.46667 | D15: 226.0625 | E15: 227.09091 | F15: 255.5 | G15: 260.13636 | H15: 357.26667 | I15: 270.48413
A16: 11 | B16: 220.29412 | C16: 207.77778 | D16: 234.82609 | E16: 235.28571 | F16: 239.66667 | G16: 231.14286 | H16: 261.61111 | I16: 233.37121
... A28: 23 | B28: 246.53333 | C28: 266.84211 | D28: 232.85714 | E28: 291.78571 | F28: 291.63636 | G28: 269 | H28: 201.5 | I28: 256.11215
A29: Grand Total | B29: 248.68837 | C29: 252.20309 | D29: 240.67114 | E29: 247.2304 | F29: 251.04684 | G29: 256.94132 | H29: 251.2954 | I29: 249.63967

Sheet Pre & post-2020 pollution 
A3: Pre vs Post 2020 | B3: Average of Average AQI | C3: Average of Average PM2.5 (Âµg/mÂ³) | D3: Average of Average PM10 (Âµg/mÂ³) | E3: Average of Average NO2 (Âµg/mÂ³) | F3: Average of Average SO2 (Âµg/mÂ³) | G3: Average of Average CO (mg/mÂ³) | H3: Average of Average O3 (Âµg/mÂ³)
A4: Post 2020 | B4: 256.11535 | C4: 130.16603 | D4: 156.48539 | E4: 52.485342 | F4: 25.309815 | G4: 2.5789181 | H4: 106.0895
A5: Pre 2020 | B5: 243.09631 | C5: 129.82905 | D5: 161.21735 | E5: 53.368154 | F5: 25.524157 | G5: 2.5492504 | H5: 105.10761
A6: Grand Total | B6: 249.60583 | C6: 129.99754 | D6: 158.85137 | E6: 52.926748 | F6: 25.416986 | G6: 2.5640842 | H6: 105.59855

Sheet 6 AM vs. 6 PM pollution
A3: Hour Period | B3: Average PM2.5 (Âµg/mÂ³) | C3: Average PM10 (Âµg/mÂ³) | D3: Average NO2 (Âµg/mÂ³) | E3: Average SO2 (Âµg/mÂ³) | F3: Average CO (mg/mÂ³) | G3: Average O3 (Âµg/mÂ³) | H3: Average AQI
A4: 6 AM | B4: 126.43599 | C4: 146.12341 | D4: 48.895665 | E4: 26.554605 | F4: 2.7275105 | G4: 102.8142 | H4: 253.90698
A5: 6 PM | B5: 119.65687 | C5: 153.77537 | D5: 51.453059 | E5: 24.214066 | F5: 2.7380745 | G5: 100.27808 | H5: 237.00935
A6: Grand Total | B6: 123.36241 | C6: 149.59273 | D6: 50.055161 | E6: 25.493428 | F6: 2.7323001 | G6: 101.66435 | H6: 246.24576
B9: 6 AM sees worse overall air quality (AQI: 253.91) — likely due to overnight pollutant accumulation in still air.
B11: 6 PM has higher PM10 and NO2, possibly from evening traffic and resuspended road dust.
B13: SO2 and O₃ are slightly higher in the morning, possibly due to industrial emissions and less dispersion.
B15: CO remains roughly constant between both times.

Sheet Weekly pollution patterns
A3: Average AQI | B3: City
A4: Days | B4: Beijing | C4: Chengdu | D4: Guangzhou | E4: Shanghai | F4: Shenzhen | G4: Grand Total
A5: Monday | B5: 269.72414 | C5: 256.65823 | D5: 237.8427 | E5: 248.4382 | F5: 231.56977 | G5: 248.68837
A6: Tuesday | B6: 243.29545 | C6: 253.38043 | D6: 238.51163 | E6: 266.65909 | F6: 258.07071 | G6: 252.20309
A7: Wednesday | B7: 220.05882 | C7: 233.23529 | D7: 222.16176 | E7: 266.14423 | F7: 255.94318 | G7: 240.67114
A8: Thursday | B8: 251.22449 | C8: 229.34884 | D8: 249.37647 | E8: 254.95946 | F8: 252.25641 | G8: 247.2304
A9: Friday | B9: 251.98913 | C9: 239.31818 | D9: 258.47674 | E9: 261.83951 | F9: 243.95 | G9: 251.04684
A10: Saturday | B10: 242.54167 | C10: 254.31325 | D10: 270.16471 | E10: 274.12195 | F10: 242.25287 | G10: 256.94132
A11: Sunday | B11: 252.75556 | C11: 270 | D11: 247.30588 | E11: 248.17949 | F11: 236.10667 | G11: 251.2954
A12: Grand Total | B12: 246.95707 | C12: 247.91639 | D12: 246.91438 | E12: 260.34899 | F12: 246.14334 | G12: 249.63967
C14: Overall pollution levels are higher on weekends compared to weekdays across cities.

Sheet AQI > 300 trends
A3: Sum of Extreme Event | B3: Season
A4: Year | B4: Autumn | C4: Spring | D4: Summer | E4: Winter | F4: Grand Total
A5: 2015 | B5: 23 | C5: 25 | D5: 25 | E5: 30 | F5: 103
A6: 2016 | B6: 23 | C6: 30 | D6: 31 | E6: 27 | F6: 111
A7: 2017 | B7: 26 | C7: 32 | D7: 28 | E7: 39 | F7: 125
A8: 2018 | B8: 23 | C8: 35 | D8: 32 | E8: 25 | F8: 115
A9: 2019 | B9: 22 | C9: 23 | D9: 38 | E9: 29 | F9: 112
A10: 2020 | B10: 33 | C10: 30 | D10: 31 | E10: 35 | F10: 129
A11: 2021 | B11: 27 | C11: 36 | D11: 36 | E11: 27 | F11: 126
A12: 2022 | B12: 35 | C12: 32 | D12: 28 | E12: 33 | F12: 128
A13: 2023 | B13: 35 | C13: 39 | D13: 22 | E13: 34 | F13: 130
A14: 2024 | B14: 30 | C14: 32 | D14: 33 | E14: 32 | F14: 127
A15: Grand Total | B15: 277 | C15: 314 | D15: 304 | E15: 311 | F15: 1206
B18: Spring and Winter seasons are most prone to extreme AQI spikes.
B20: Winter spikes could be due to low wind speeds, temperature inversions, and firecracker use in festivals.
B22: Spring spikes might be linked to increased dust and pollen or transitions from winter stagnation.

Sheet Top polluted city & season
A3: Average of AQI | B3: Season
A4: Cities | B4: Autumn | C4: Spring | D4: Summer | E4: Winter | F4: Grand Total
A5: Beijing | B5: 253.33333 | C5: 249.38365 | D5: 241.28221 | E5: 244.12338 | F5: 246.95707
A6: Chengdu | B6: 241.21951 | C6: 259.06536 | D6: 254.58182 | E6: 235.29299 | F6: 247.91639
A7: Guangzhou | B7: 240.95349 | C7: 246.2795 | D7: 253.12329 | E7: 246.67568 | F7: 246.91438
A8: Shanghai | B8: 260.5034 | C8: 252.03205 | D8: 256.4964 | E8: 272.1039 | F8: 260.34899
A9: Shenzhen | B9: 232.28276 | C9: 241.74675 | D9: 252.92857 | E9: 257.87143 | F9: 246.14334
A10: Grand Total | B10: 246.0373 | C10: 249.66284 | D10: 251.49283 | E10: 251.06242 | F10: 249.63967
B13: Shanghai shows highest pollution during winter

Sheet Weather vs. AQI levels
A3: Weather Condition | B3: Average AQI
A4: Snow | B4: 255.29583
A5: Haze | B5: 253.59289
A6: Cloudy | B6: 252.22896
A7: Clear | B7: 250.88281
A8: Fog | B8: 248.04633
A9: Rain | B9: 237.27273
A10: Grand Total | B10: 249.63967

Sheet Wind vs. pollutant dispersion
A3: Average of AQI | B3: Column Labels
A4: Cities | B4: E | C4: N | D4: NE | E4: S | F4: SE | G4: SW | H4: W | I4: Grand Total
A5: Shanghai | B5: 279.06481 | C5: 280.63158 | D5: 261.81739 | E5: 246 | F5: 255.01681 | G5: 257.41406 | H5: 240 | I5: 260.34899
A6: Chengdu | B6: 231.59504 | C6: 272.86667 | D6: 249.07143 | E6: 242.9 | F6: 246.2037 | G6: 266.10377 | H6: 252.4 | I6: 247.91639
A7: Beijing | B7: 239.3125 | C7: 237.65385 | D7: 235 | E7: 263.47222 | F7: 249.03704 | G7: 252.16071 | H7: 274.75 | I7: 246.95707
A8: Guangzhou | B8: 231.97458 | C8: 285.41379 | D8: 256.30275 | E8: 242.61947 | F8: 239.82727 | G8: 254.48485 | H8: 270 | I8: 246.91438
A9: Shenzhen | B9: 249.4087 | C9: 255.88889 | D9: 233.38739 | E9: 228.86869 | F9: 260.664 | G9: 252.7963 | H9: 240.375 | I9: 246.14334
A10: Grand Total | B10: 245.34323 | C10: 266.28244 | D10: 246.88129 | E10: 244.92391 | F10: 250.52105 | G10: 256.58951 | H10: 256.34375 | I10: 249.63967
B12: Wind speed alone may not be a strong predictor of pollutant dispersion in your dataset.
B13: =CORREL(air_pollution_china!I2:I3001,air_pollution_china!N2:N3001) -> -0.013368097

Sheet Humidity vs. visibility
D3: Humidity has no significant linear effect on overall visibility in the city, based on the correlation value (0.0072).
D4: =CORREL(air_pollution_china!H2:H3001,air_pollution_china!M2:M3001) -> 0.0072257335

Sheet Pollution-weather correlation
B1: PM2.5 (Âµg/mÂ³) | C1: PM10 (Âµg/mÂ³) | D1: NO2 (Âµg/mÂ³) | E1: SO2 (Âµg/mÂ³) | F1: CO (mg/mÂ³) | G1: O3 (Âµg/mÂ³) | H1: Temperature (Â°C) | I1: Humidity (%) | J1: Wind Speed (m/s) | K1: Wind Direction (Â°) | L1: Pressure (hPa) | M1: Precipitation (mm) | N1: Visibility (km) | O1: AQI
A2: PM2.5 (Âµg/mÂ³) | B2: 1
A3: PM10 (Âµg/mÂ³) | B3: -0.0012755014 | C3: 1
A4: NO2 (Âµg/mÂ³) | B4: 0.0081734815 | C4: 0.0090545571 | D4: 1
A5: SO2 (Âµg/mÂ³) | B5: 0.027838718 | C5: 0.0231511 | D5: 0.015310686 | E5: 1
A6: CO (mg/mÂ³) | B6: -0.01099073 | C6: -0.032626225 | D6: -0.01331569 | E6: 0.010185707 | F6: 1
A7: O3 (Âµg/mÂ³) | B7: -0.0041860149 | C7: -0.011630334 | D7: 0.0073297344 | E7: 0.012415753 | F7: -0.0076844775 | G7: 1
A8: Temperature (Â°C) | B8: 0.0030524861 | C8: 0.015023144 | D8: -0.015200976 | E8: 0.033340625 | F8: -0.0003876314 | G8: -0.0052248609 | H8: 1
A9: Humidity (%) | B9: 0.0038381512 | C9: 0.012460968 | D9: 0.0086784202 | E9: -0.0026199313 | F9: -0.025286414 | G9: -0.016941831 | H9: -0.011703429 | I9: 1
A10: Wind Speed (m/s) | B10: -0.0073731377 | C10: 0.019181812 | D10: 0.028224772 | E10: -0.0011405271 | F10: -0.015190383 | G10: 0.012801096 | H10: 0.0054756421 | I10: -0.027050574 | J10: 1
A11: Wind Direction (Â°) | B11: -0.047885339 | C11: -0.0010398547 | D11: -0.010821354 | E11: 0.0052710993 | F11: 0.01104887 | G11: -0.0032314317 | H11: -0.023749018 | I11: -0.0028680508 | J11: -0.037549596 | K11: 1
A12: Pressure (hPa) | B12: -3.6798643e-05 | C12: -0.021416573 | D12: -0.010933123 | E12: 0.00091903463 | F12: 0.014249088 | G12: -0.0063106893 | H12: 0.0096600906 | I12: -0.0097151668 | J12: 0.0098482621 | K12: 0.041785272 | L12: 1
A13: Precipitation (mm) | B13: -0.015896901 | C13: 0.011289613 | D13: -0.023440674 | E13: 0.010517005 | F13: -0.003011013 | G13: 0.042909815 | H13: -0.013126488 | I13: -0.028771211 | J13: 0.026417319 | K13: -0.011008856 | L13: 0.033954453 | M13: 1
A14: Visibility (km) | B14: -0.025995717 | C14: 0.01037432 | D14: 0.0082972521 | E14: 0.013717763 | F14: -0.00027811099 | G14: -0.0067133274 | H14: 0.0017581027 | I14: 0.0072257335 | J14: 0.0097734206 | K14: -0.0012228009 | L14: 0.017541769 | M14: 0.013083672 | N14: 1
A15: AQI | B15: 0.0063540614 | C15: -0.011276095 | D15: -0.015433858 | E15: -0.028350263 | F15: -0.019174793 | G15: -0.0064284497 | H15: 0.021120411 | I15: 0.01451965 | J15: -0.013368097 | K15: 6.9079212e-05 | L15: -0.00026753189 | M15: 0.021158795 | N15: 0.0031778394 | O15: 1

Sheet High-pollution locations
A3: Station ID | B3: Average AQI
A4: 30 | B4: 312.31034
A5: 91 | B5: 309.48485
A6: 81 | B6: 302.34286
A7: 9 | B7: 297.92857
A8: 23 | B8: 296.55556
A9: Grand Total | B9: 303.95395

Sheet air_pollution_china
A1: PM2.5 (Âµg/mÂ³) | B1: PM10 (Âµg/mÂ³) | C1: NO2 (Âµg/mÂ³) | D1: SO2 (Âµg/mÂ³) | E1: CO (mg/mÂ³) | F1: O3 (Âµg/mÂ³) | G1: Temperature (Â°C) | H1: Humidity (%) | I1: Wind Speed (m/s) | J1: Wind Direction (Â°) | K1: Pressure (hPa) | L1: Precipitation (mm) | M1: Visibility (km) | N1: AQI | O1: Season | P1: City | Q1: Latitude | R1: Longitude | S1: Day of Week | T1: Hour | U1: Month | V1: Year | W1: Weather Condition | X1: Station ID | Y1: Extreme Event | Z1: Wind Directions (N, NE, E...)
A2: 94.437337 | B2: 253.53316 | C2: 57.759232 | D2: 3.6763718 | E2: 2.5684037 | F2: 116.38365 | G2: 4.5784489 | H2: 43.406082 | I2: 7.8617994 | J2: 266.33889 | K2: 990.78065 | L2: 30.034919 | M2: 18.270028 | N2: 4 | O2: Spring | P2: Shenzhen | Q2: 36.268122 | R2: 112.19925 | S2: Sunday | T2: 2 | U2: 7 | V2: 2016 | W2: Haze | X2: 58 | Y2: =IF(N2>300,1,0) -> 0 | Z2: =_xlfn.IFS( OR(A2<=22.5,A2>337.5),"N", A2<=67.5,"NE", A2<=112.5,"E", A2<=157.5,"SE", A2<=202.5,"S", A2<=247.5,"SW", A2<=292.5,"W", A2<=337.5,"NW" ) -> E
A3: 194.17479 | B3: 165.60502 | C3: 75.117403 | D3: 22.243199 | E3: 1.5288235 | F3: 178.42856 | G3: 37.33225 | H3: 27.446097 | I3: 9.7422333 | J3: 27.266465 | K3: 994.61633 | L3: 47.454277 | M3: 2.0491261 | N3: 48 | O3: Spring | P3: Shanghai | Q3: 48.62908 | R3: 105.2383 | S3: Monday | T3: 17 | U3: 11 | V3: 2017 | W3: Cloudy | X3: 18 | Y3: =IF(N3>300,1,0) -> 0 | Z3: =_xlfn.IFS( OR(A3<=22.5,A3>337.5),"N", A3<=67.5,"NE", A3<=112.5,"E", A3<=157.5,"SE", A3<=202.5,"S", A3<=247.5,"SW", A3<=292.5,"W", A3<=337.5,"NW" ) -> S
A4: 45.037661 | B4: 24.732526 | C4: 61.400657 | D4: 2.3095293 | E4: 2.6296544 | F4: 156.35483 | G4: 30.325762 | H4: 48.364322 | I4: 1.7497025 | J4: 258.83164 | K4: 1009.0128 | L4: 4.0301264 | M4: 0.81302321 | N4: 49 | O4: Autumn | P4: Beijing | Q4: 32.155184 | R4: 127.64834 | S4: Sunday | T4: 6 | U4: 7 | V4: 2017 | W4: Fog | X4: 35 | Y4: =IF(N4>300,1,0) -> 0 | Z4: =_xlfn.IFS( OR(A4<=22.5,A4>337.5),"N", A4<=67.5,"NE", A4<=112.5,"E", A4<=157.5,"SE", A4<=202.5,"S", A4<=247.5,"SW", A4<=292.5,"W", A4<=337.5,"NW" ) -> NE
A5: 76.131857 | B5: 78.79075 | C5: 77.274046 | D5: 24.302389 | E5: 1.7329263 | F5: 81.611939 | G5: 7.405654 | H5: 60.582658 | I5: 8.791379 | J5: 306.48216 | K5: 985.27355 | L5: 29.051923 | M5: 14.37223 | N5: 271 | O5: Summer | P5: Shanghai | Q5: 45.400785 | R5: 119.61579 | S5: Monday | T5: 17 | U5: 3 | V5: 2020 | W5: Snow | X5: 77 | Y5: =IF(N5>300,1,0) -> 0 | Z5: =_xlfn.IFS( OR(A5<=22.5,A5>337.5),"N", A5<=67.5,"NE", A5<=112.5,"E", A5<=157.5,"SE", A5<=202.5,"S", A5<=247.5,"SW", A5<=292.5,"W", A5<=337.5,"NW" ) -> E
A6: 204.12793 | B6: 62.680686 | C6: 99.519372 | D6: 48.842644 | E6: 2.6878274 | F6: 70.314277 | G6: 6.1253761 | H6: 79.890364 | I6: 2.3951323 | J6: 154.2108 | K6: 1046.8654 | L6: 14.824943 | M6: 10.706314 | N6: 372 | O6: Spring | P6: Beijing | Q6: 40.35374 | R6: 99.19591 | S6: Tuesday | T6: 3 | U6: 12 | V6: 2020 | W6: Clear | X6: 47 | Y6: =IF(N6>300,1,0) -> 1 | Z6: =_xlfn.IFS( OR(A6<=22.5,A6>337.5),"N", A6<=67.5,"NE", A6<=112.5,"E", A6<=157.5,"SE", A6<=202.5,"S", A6<=247.5,"SW", A6<=292.5,"W", A6<=337.5,"NW" ) -> SW
A7: 104.71707 | B7: 83.674547 | C7: 46.499884 | D7: 7.4442608 | E7: 4.5489365 | F7: 194.08829 | G7: 16.686103 | H7: 10.771098 | I7: 5.9030467 | J7: 289.68549 | K7: 1034.3819 | L7: 31.140757 | M7: 14.11251 | N7: 219 | O7: Autumn | P7: Beijing | Q7: 20.244943 | R7: 105.52858 | S7: Thursday | T7: 4 | U7: 4 | V7: 2024 | W7: Fog | X7: 28 | Y7: =IF(N7>300,1,0) -> 0 | Z7: =_xlfn.IFS( OR(A7<=22.5,A7>337.5),"N", A7<=67.5,"NE", A7<=112.5,"E", A7<=157.5,"SE", A7<=202.5,"S", A7<=247.5,"SW", A7<=292.5,"W", A7<=337.5,"NW" ) -> E
A8: 55.31844 | B8: 187.10692 | C8: 73.00448 | D8: 29.486479 | E8: 2.310993 | F8: 22.614372 | G8: 8.8347843 | H8: 87.094084 | I8: 3.6082887 | J8: 20.027336 | K8: 1016.0587 | L8: 11.652303 | M8: 0.92131396 | N8: 86 | O8: Autumn | P8: Shenzhen | Q8: 24.244806 | R8: 110.0067 | S8: Friday | T8: 23 | U8: 3 | V8: 2019 | W8: Clear | X8: 21 | Y8: =IF(N8>300,1,0) -> 0 | Z8: =_xlfn.IFS( OR(A8<=22.5,A8>337.5),"N", A8<=67.5,"NE", A8<=112.5,"E", A8<=157.5,"SE", A8<=202.5,"S", A8<=247.5,"SW", A8<=292.5,"W", A8<=337.5,"NW" ) -> NE
A9: 37.537591 | B9: 108.60685 | C9: 95.977823 | D9: 19.142983 | E9: 0.72139777 | F9: 15.832422 | G9: 4.7221534 | H9: 29.882275 | I9: 8.9926372 | J9: 344.07406 | K9: 995.94497 | L9: 17.942761 | M9: 11.322675 | N9: 292 | O9: Autumn | P9: Shenzhen | Q9: 20.115899 | R9: 101.91457 | S9: Wednesday | T9: 21 | U9: 6 | V9: 2023 | W9: Cloudy | X9: 3 | Y9: =IF(N9>300,1,0) -> 0 | Z9: =_xlfn.IFS( OR(A9<=22.5,A9>337.5),"N", A9<=67.5,"NE", A9<=112.5,"E", A9<=157.5,"SE", A9<=202.5,"S", A9<=247.5,"SW", A9<=292.5,"W", A9<=337.5,"NW" ) -> NE
A10: 130.95013 | B10: 154.54266 | C10: 13.04288 | D10: 43.50469 | E10: 3.7354464 | F10: 153.3027 | G10: 31.55538 | H10: 67.619491 | I10: 7.6390776 | J10: 233.21931 | K10: 1005.09 | L10: 34.956089 | M10: 9.4120547 | N10: 208 | O10: Spring | P10: Chengdu | Q10: 48.511011 | R10: 127.42275 | S10: Tuesday | T10: 9 | U10: 9 | V10: 2021 | W10: Snow | X10: 23 | Y10: =IF(N10>300,1,0) -> 0 | Z10: =_xlfn.IFS( OR(A10<=22.5,A10>337.5),"N", A10<=67.5,"NE", A10<=112.5,"E", A10<=157.5,"SE", A10<=202.5,"S", A10<=247.5,"SW", A10<=292.5,"W", A10<=337.5,"NW" ) -> SE
A11: 83.794246 | B11: 87.953136 | C11: 12.103387 | D11: 34.48443 | E11: 1.9552639 | F11: 186.0987 | G11: -3.6256654 | H11: 83.675396 | I11: 2.5793831 | J11: 43.541039 | K11: 991.76009 | L11: 21.797842 | M11: 2.1100796 | N11: 139 | O11: Autumn | P11: Guangzhou | Q11: 30.434873 | R11: 128.01314 | S11: Monday | T11: 15 | U11: 10 | V11: 2017 | W11: Haze | X11: 25 | Y11: =IF(N11>300,1,0) -> 0 | Z11: =_xlfn.IFS( OR(A11<=22.5,A11>337.5),"N", A11<=67.5,"NE", A11<=112.5,"E", A11<=157.5,"SE", A11<=202.5,"S", A11<=247.5,"SW", A11<=292.5,"W", A11<=337.5,"NW" ) -> E
A12: 60.578716 | B12: 232.9784 | C12: 78.649991 | D12: 25.210477 | E12: 4.9821514 | F12: 123.28835 | G12: -6.9445919 | H12: 55.406204 | I12: 3.2026324 | J12: 306.86668 | K12: 1046.756 | L12: 16.679069 | M12: 14.242956 | N12: 69 | O12: Winter | P12: Shanghai | Q12: 24.105276 | R12: 92.270345 | S12: Monday | T12: 9 | U12: 1 | V12: 2018 | W12: Clear | X12: 94 | Y12: =IF(N12>300,1,0) -> 0 | Z12: =_xlfn.IFS( OR(A12<=22.5,A12>337.5),"N", A12<=67.5,"NE", A12<=112.5,"E", A12<=157.5,"SE", A12<=202.5,"S", A12<=247.5,"SW", A12<=292.5,"W", A12<=337.5,"NW" ) -> NE
A13: 187.23479 | B13: 298.49817 | C13: 39.892213 | D13: 29.623076 | E13: 2.1667316 | F13: 89.386662 | G13: -5.427461 | H13: 11.73433 | I13: 4.077097 | J13: 2.9739587 | K13: 1030.6518 | L13: 22.457403 | M13: 1.3421655 | N13: 139 | O13: Autumn | P13: Chengdu | Q13: 25.372849 | R13: 112.82187 | S13: Friday | T13: 4 | U13: 8 | V13: 2021 | W13: Snow | X13: 39 | Y13: =IF(N13>300,1,0) -> 0 | Z13: =_xlfn.IFS( OR(A13<=22.5,A13>337.5),"N", A13<=67.5,"NE", A13<=112.5,"E", A13<=157.5,"SE", A13<=202.5,"S", A13<=247.5,"SW", A13<=292.5,"W", A13<=337.5,"NW" ) -> S
... A3001: 154.98339 | B3001: 81.526972 | C3001: 33.05792 | D3001: 16.133852 | E3001: 2.6827029 | F3001: 165.139 | G3001: 8.9369649 | H3001: 26.855408 | I3001: 1.3751516 | J3001: 315.87961 | K3001: 999.6753 | L3001: 1.8370328 | M3001: 4.9392361 | N3001: 265 | O3001: Spring | P3001: Chengdu | Q3001: 40.652724 | R3001: 129.25161 | S3001: Wednesday | T3001: 18 | U3001: 11 | V3001: 2020 | W3001: Fog | X3001: 11 | Y3001: =IF(N3001>300,1,0) -> 0 | Z3001: =_xlfn.IFS( OR(A3001<=22.5,A3001>337.5),"N", A3001<=67.5,"NE", A3001<=112.5,"E", A3001<=157.5,"SE", A3001<=202.5,"S", A3001<=247.5,"SW", A3001<=292.5,"W", A3001<=337.5,"NW" ) -> SE
